,Source,Headline,PubDate,Headline Length,Date,Open,High,Low,Close,Volume
0,https://finance.yahoo.com/news/why-adma-biologics-adma-outpaced-225002206.html?.tsrc=rss,"In the most recent trading session, Adma Biologics (ADMA) closed at $18.34, indicating a +1.72% shift from the previous trading day.",2026-01-06,132,2026-01-06,18.079999923706055,18.549999237060547,17.875,18.34000015258789,2406100.0
1,https://finance.yahoo.com/news/adma-biologics-present-j-p-120000349.html?.tsrc=rss,"RAMSEY, N.J. and BOCA RATON, Fla., Jan. 05, 2026 (GLOBE NEWSWIRE) -- ADMA Biologics, Inc. (Nasdaq: ADMA) (“ADMA” or the “Company”), a U.S.-based, end-to-end commercial biopharmaceutical company dedicated to manufacturing, marketing, and developing specialty biologics, today announced that Adam Grossman, President and Chief Executive Officer, will participate in a podium presentation at the J.P. Morgan Healthcare Conference on Monday, January 12, 2026, at 9:45 a.m. PT. A live audio webcast of the",2026-01-05,500,2026-01-05,17.889999389648438,18.190000534057617,17.649999618530273,18.030000686645508,1936000.0
2,https://www.fool.com/coverage/filings/2025/12/28/ani-stock-is-up-49-this-past-year-revenue-is-surging-and-one-fund-still-walked-away/?.tsrc=rss,"ANI is firing on all cylinders operationally, which makes this exit less about fundamentals and more about portfolio discipline at a moment when expectations might be sky-high.",2025-12-28,176,2025-12-28,,,,,
3,https://finance.yahoo.com/news/high-growth-tech-stocks-watch-173817598.html?.tsrc=rss,"As the United States market experiences a fourth consecutive session of gains, buoyed by better-than-expected GDP growth and a tech sector rally, attention turns to high-growth tech stocks that are poised to navigate these dynamic conditions. In this environment, identifying promising stocks involves assessing their potential for innovation and adaptability in response to economic shifts and technological advancements.",2025-12-23,422,2025-12-23,19.84000015258789,19.84000015258789,19.485000610351562,19.489999771118164,1013500.0
4,https://finance.yahoo.com/news/adma-biologics-adma-firm-updates-135405002.html?.tsrc=rss,"ADMA Biologics, Inc. (NASDAQ:ADMA) is one of the Stocks That Could Mint Millionaires in 2026. ADMA Biologics, Inc. (NASDAQ:ADMA) markets BIVIGAM, an intravenous immune globulin product indicated for the treatment of primary humoral immunodeficiency, and Nabi-HB, a human polyclonal antibody product for the treatment of acute exposure to blood containing Hepatitis B surface antigen and […]",2025-12-21,390,2025-12-21,,,,,
5,https://finance.yahoo.com/news/adding-adma-biologics-nasdaq-adma-134417113.html?.tsrc=rss,"Investors are often guided by the idea of discovering 'the next big thing', even if that means buying 'story stocks...",2025-12-21,118,2025-12-21,,,,,
6,https://finance.yahoo.com/news/exploring-three-high-growth-tech-173828296.html?.tsrc=rss,"Amidst a backdrop of declining major stock indexes, with the S&P 500 and Dow Jones Industrial Average experiencing their fourth consecutive losses due to AI bubble concerns and tepid labor data, the tech-heavy Nasdaq has also seen a recent decline. In this environment, identifying high-growth tech stocks requires careful consideration of companies that demonstrate resilience and potential for innovation despite broader market challenges.",2025-12-17,441,2025-12-17,19.030000686645508,19.05500030517578,18.420000076293945,18.829999923706055,2389100.0
7,https://finance.yahoo.com/news/us-high-growth-tech-stocks-113815628.html?.tsrc=rss,"As the United States market navigates a period of volatility, with major indexes closing lower amid concerns over an AI bubble and looming economic reports, investors are keenly observing the tech sector's dynamics. In such a climate, identifying high-growth tech stocks involves looking for companies with strong fundamentals and resilience to market pressures.",2025-12-17,362,2025-12-17,19.030000686645508,19.05500030517578,18.420000076293945,18.829999923706055,2389100.0
8,https://finance.yahoo.com/news/us-high-growth-tech-stocks-173915223.html?.tsrc=rss,"The United States market has recently experienced declines in major stock indexes, with technology shares exerting downward pressure on the Nasdaq amid concerns about an AI bubble. In this environment, identifying high-growth tech stocks involves looking for companies that demonstrate strong innovation potential and resilience against broader market volatility.",2025-12-15,363,2025-12-15,19.790000915527344,19.969999313354492,19.45199966430664,19.729999542236328,1951800.0
9,https://finance.yahoo.com/news/3-high-growth-tech-stocks-113810907.html?.tsrc=rss,"As the U.S. market grapples with fluctuating indices and AI bubble concerns, the Dow Jones Industrial Average recently hit an all-time high before retreating, while tech-heavy stocks like those in the Nasdaq face pressure amid broader economic uncertainties. In this dynamic environment, identifying high-growth tech stocks involves looking for companies that demonstrate resilience and adaptability to market shifts, particularly those that can navigate technological advancements and investor...",2025-12-15,497,2025-12-15,19.790000915527344,19.969999313354492,19.45199966430664,19.729999542236328,1951800.0
10,https://finance.yahoo.com/news/adma-biologics-adma-stock-outpacing-144003050.html?.tsrc=rss,Here is how Adma Biologics (ADMA) and Artivion (AORT) have performed compared to their sector so far this year.,2025-12-12,111,2025-12-12,20.329999923706055,20.45800018310547,19.760000228881836,19.780000686645508,2379000.0
11,https://finance.yahoo.com/news/high-growth-tech-stocks-us-113818075.html?.tsrc=rss,"The U.S. stock market has recently experienced a surge, with major indices like the S&P 500 and the small-cap Russell 2000 reaching near-record highs following the Federal Reserve's decision to cut interest rates. This favorable monetary policy environment can create opportunities for high-growth tech stocks, which often thrive in conditions of lower borrowing costs and increased investor optimism. When considering these stocks, it's important to look for companies with strong innovation...",2025-12-11,495,2025-12-11,20.100000381469727,20.399999618530273,19.760000228881836,20.3799991607666,1924100.0
12,https://finance.yahoo.com/news/us-high-growth-tech-stocks-113809974.html?.tsrc=rss,"As of December 2025, the U.S. stock market is experiencing a positive shift, with major indices like the Nasdaq Composite and S&P 500 nearing all-time highs, driven by optimism surrounding potential Federal Reserve rate cuts following favorable inflation data. In this environment of cautious optimism and shifting market dynamics, identifying high growth tech stocks involves looking for companies that demonstrate strong fundamentals and resilience amid economic fluctuations.",2025-12-08,478,2025-12-08,20.010000228881836,20.010000228881836,19.1299991607666,19.389999389648438,3265100.0
13,https://finance.yahoo.com/news/adma-biologics-adma-43-3-163017587.html?.tsrc=rss,Adma Biologics (ADMA) reported earnings 30 days ago. What's next for the stock? We take a look at earnings estimates for some clues.,2025-12-05,132,2025-12-05,,,,,
14,https://finance.yahoo.com/news/exploring-us-high-growth-tech-113809343.html?.tsrc=rss,"As the U.S. stock market experiences a mixed performance with major indices like the Nasdaq Composite and S&P 500 inching closer to record highs, investors are keenly observing economic indicators such as inflation data that could influence Federal Reserve decisions on interest rates. In this environment, identifying high-growth tech stocks can be crucial for portfolio enhancement, as these companies often demonstrate resilience and innovation in times of economic uncertainty.",2025-12-05,481,2025-12-05,,,,,
15,https://finance.yahoo.com/news/high-growth-us-tech-stocks-173821460.html?.tsrc=rss,"As the Dow Jones and S&P 500 approach record highs, buoyed by expectations of a potential Federal Reserve rate cut, the U.S. tech sector remains a focal point for investors navigating an evolving economic landscape marked by mixed employment data and fluctuating Treasury yields. In such a dynamic environment, identifying high-growth tech stocks involves assessing factors like innovation potential, market positioning, and adaptability to macroeconomic shifts that can influence performance in...",2025-12-04,498,2025-12-04,,,,,
16,https://finance.yahoo.com/news/stocks-additions-mizuho-americas-top-125733047.html?.tsrc=rss,"Investing.com -- Mizuho has refreshed its monthly Americas Top Picks list, adding new high-conviction ideas selected by its U.S. equity analysts.",2025-12-04,145,2025-12-04,,,,,
17,https://finance.yahoo.com/news/pcrxs-iovera-outperforms-rfa-therapy-152300430.html?.tsrc=rss,"Pacira BioSciences' iovera shows stronger, longer-lasting relief than RFA in a pilot CLBP study, highlighting its tissue-sparing approach and potential spine-care impact.",2025-12-03,170,2025-12-03,,,,,
18,https://finance.yahoo.com/news/azns-baxdrostat-gets-fda-priority-150100694.html?.tsrc=rss,AstraZeneca's NDA for baxdrostat gains FDA priority review for treating hard-to-control hypertension. A decision is due in the second quarter of 2026.,2025-12-03,150,2025-12-03,,,,,
